workload,dtype,batch_size,total_samples,throughput,latency_p50,latency_p99,energy_total,avg_power,achieved_gflops,utilization_pct,arith_intensity,phase_staging,phase_compute,phase_output,tta_sec
starcoder_7b_mqa_mqa_prefill_b1_s128,bf16,1,6400,833333.2937521258,0.15360000729560852,0.25600001215934753,64.554,109.45575,59419.30384440117,0.16414172332707505,124.23193577163246,20.740504,7.680000364780426,6.816052,N/A
starcoder_7b_mqa_mqa_prefill_b1_s256,bf16,1,12800,1524390.26888568,0.16793599724769592,0.23347200453281403,10.109,110.87133333333334,111890.73354109496,0.30909042414667115,241.75379426644182,28.875994,8.396799862384796,1.904299,N/A
starcoder_7b_mqa_mqa_prefill_b1_s512,bf16,1,25600,2325581.473773353,0.22015999257564545,0.22323200106620789,14.417,116.34633333333333,180452.6200388092,0.4984879006596939,460.64437689969606,50.49019,11.007999628782272,1.893563,N/A
starcoder_7b_mqa_mqa_prefill_b1_s1024,bf16,1,51200,2444987.77375835,0.4188160002231598,0.44646400213241577,12.428,128.656,210227.9509882277,0.5807401961000765,852.4670050761422,61.525223,20.94080001115799,2.118269,N/A
starcoder_7b_mqa_mqa_prefill_b1_s2048,bf16,1,102400,2277904.3496967796,0.899071991443634,0.9676799774169922,12.947,140.37533333333332,234078.4714759898,0.6466256118121265,1532.0916030534352,121.073758,44.9535995721817,2.603361,N/A
starcoder_7b_mqa_mqa_prefill_b1_s4096,bf16,1,204800,1758241.6859762578,2.30297589302063,4.46668815612793,49.798,164.25225,239674.5044348513,0.6620842663946168,2716.734693877551,169.613681,116.48000478744507,31.051256,N/A
starcoder_7b_mqa_mqa_prefill_b1_s8192,bf16,1,409600,1207547.1840706023,6.738944053649902,13.381631851196289,159.156,205.79928571428573,245643.76924029907,0.6785739481776217,4874.993865030675,211.547503,339.19999599456787,45.07757,N/A
starcoder_7b_mqa_mqa_prefill_b4_s128,bf16,4,25600,2415094.3681412046,0.21196800470352173,0.48230400681495667,12.609155104763339,243.755,172203.87946742616,0.4757013244956524,423.2948328267477,35.35935,10.599999874830246,5.074406,N/A
starcoder_7b_mqa_mqa_prefill_b4_s256,bf16,4,51200,2754820.942731599,0.37171199917793274,0.6594560146331787,11.615582050136174,230.059,202204.73873920107,0.5585766263513842,727.7157360406092,49.288018,18.585599958896637,1.164146,N/A
starcoder_7b_mqa_mqa_prefill_b4_s512,bf16,4,102400,2684563.6623415123,0.7628800272941589,2.4821760654449463,10.261,216.91033333333334,208307.7079834526,0.5754356574128525,1156.8854961832062,92.168982,38.14400136470795,2.012681,N/A
starcoder_7b_mqa_mqa_prefill_b4_s1024,bf16,4,204800,2565747.279435902,1.5964159965515137,4.426752090454102,17.226,221.724,220611.24358110595,0.609423324809685,1713.6326530612246,132.541667,79.82079982757568,18.564139,N/A
starcoder_7b_mqa_mqa_prefill_b4_s2048,bf16,4,409600,1936577.0890364442,4.227071762084961,7.937024116516113,98.828,173.3022,199003.5292559209,0.5497335062318257,2462.6257668711655,284.221449,211.50720119476318,38.738448,N/A
starcoder_7b_mqa_mqa_prefill_b4_s4096,bf16,4,819200,1512859.241553329,10.730496406555176,16.712703704833984,219.846,233.4758,206225.22596923306,0.5696829446663897,3634.6757679180887,412.583405,541.4912223815918,81.073809,N/A
starcoder_7b_mqa_mqa_prefill_b4_s8192,bf16,4,1638400,1177856.2964611456,27.5599365234375,36.336639404296875,569.19,269.7206842105263,239603.9377201002,0.6618893307185088,5747.732368896925,781.310712,1391.0016059875488,177.893516,N/A
starcoder_7b_mqa_mqa_prefill_b16_s128,bf16,16,102400,2894355.9097621236,0.7065600156784058,3.3464319705963135,21.274,302.407,206376.74568556153,0.5701015074186783,1063.0839694656488,76.655783,35.37920117378235,29.858899,N/A
starcoder_7b_mqa_mqa_prefill_b16_s256,bf16,16,204800,2751031.614125646,1.4847999811172485,2.9686079025268555,49.013,268.53833333333336,201926.60080693895,0.5578082895219307,1462.857142857143,139.389888,74.44480061531067,21.204395,N/A
starcoder_7b_mqa_mqa_prefill_b16_s512,bf16,16,409600,2131628.0655414863,3.842047929763794,6.740992069244385,65.265,189.0208,165402.87825353898,0.4569140283246933,1859.5337423312883,267.93679,192.15359687805176,45.25143,N/A
starcoder_7b_mqa_mqa_prefill_b16_s1024,bf16,16,819200,2030199.2888576072,8.038399696350098,11.934720039367676,163.035,203.32975,174563.09646007867,0.48221849850850457,2292.641638225256,473.530408,403.5071849822998,104.376724,N/A
starcoder_7b_mqa_mqa_prefill_b16_s2048,bf16,16,1638400,2043422.850208828,16.03379249572754,19.274751663208008,328.362,201.19366666666667,209983.04754089605,0.5800636672400443,2903.493670886076,966.739156,801.7919540405273,260.484048,N/A
starcoder_7b_mqa_mqa_prefill_b16_s4096,bf16,16,3276800,1662251.299865258,39.28473663330078,50.48115158081055,827.622,272.8763846153846,226589.58647097665,0.6259380841739687,3970.027958993476,2204.969665,1971.3024139404297,393.699433,N/A
starcoder_7b_mqa_mqa_prefill_b16_s8192,bf16,16,6553600,711071.5840966097,183.78956604003906,228.52096557617188,3710.203,322.83735652173914,144648.84388894323,0.3995824416821636,6017.029815428301,3243.239564,9216.512298583984,677.798497,N/A
starcoder_7b_mqa_mqa_prefill_b32_s128,bf16,32,204800,2795248.1694889995,1.4582079648971558,3.959808111190796,22.687,228.2305,199310.0498307666,0.5505802481512889,1421.061224489796,152.016626,73.26719760894775,88.634794,N/A
starcoder_7b_mqa_mqa_prefill_b32_s256,bf16,32,409600,1720800.2547364687,4.757503986358643,9.779199600219727,94.821,201.19,126307.2893537383,0.34891516396060307,1759.0184049079755,244.186853,238.02878856658936,43.594589,N/A
starcoder_7b_mqa_mqa_prefill_b32_s512,bf16,32,819200,1667013.9655692042,9.812992095947266,15.053824424743652,182.675,229.386,129351.32186109136,0.3573240935389264,2068.9692832764504,411.910269,491.41759872436523,86.379312,N/A
starcoder_7b_mqa_mqa_prefill_b32_s1024,bf16,32,1638400,2028011.9434050508,15.649791717529297,22.549503326416016,327.333,215.25208333333333,174375.0214285674,0.4816989542225618,2429.4538878842677,1175.767702,807.8847885131836,256.429266,N/A
starcoder_7b_mqa_mqa_prefill_b32_s2048,bf16,32,3276800,1831134.9439485113,35.467262268066406,47.294464111328125,738.244,277.79995833333334,188168.2471886039,0.5198017878138229,2992.790307548928,1625.458133,1789.4912719726562,386.033938,N/A
starcoder_7b_mqa_mqa_prefill_b32_s4096,bf16,32,6553600,1619945.5460304713,80.90828704833984,84.26496124267578,1673.301,313.5130588235294,220822.6827136782,0.6100074108112657,4032.0302886890677,5353.097546,4045.568084716797,810.388508,N/A
starcoder_7b_mqa_mqa_prefill_b32_s8192,bf16,32,13107200,1098849.2238822563,237.65811157226562,423.2181701660156,5999.26,332.92524444444444,223532.02321362277,0.6174917768332121,6064.38540424517,7928.81933,11928.11508178711,1722.69225,N/A
starcoder_7b_mqa_mqa_decode_b16_sinit3840+t256,bf16,16,19200,82975.61622173761,0.1928277333577474,,0.0,107.87840000000001,11147.674468650983,0.030794680852627022,,1658.923336,231.39328002929688,0.439043,N/A
starcoder_7b_mqa_mqa_prefill_b1_s128,int8_wo,1,6400,405844.1718490543,0.31539198756217957,1.022976040840149,22.16,103.98875000000001,28937.975167173987,0.07993915792037014,124.23193577163246,35.19807,15.769599378108978,1.619715,N/A
starcoder_7b_mqa_mqa_prefill_b1_s256,int8_wo,1,12800,798722.0528373073,0.2764799892902374,0.9922559857368469,13.204,99.848,58626.45426931527,0.16195153113070515,241.75379426644182,43.652344,16.02559983730316,2.121373,N/A
starcoder_7b_mqa_mqa_prefill_b1_s512,int8_wo,1,25600,1602564.1579972384,0.319487988948822,0.3676159977912903,3.1551397037366984,98.55900000000001,124350.36327567232,0.3435092908167744,460.64437689969606,59.953179,15.974399447441101,0.782436,N/A
starcoder_7b_mqa_mqa_prefill_b1_s1024,int8_wo,1,51200,1631321.3408462044,0.6266880035400391,2.258944034576416,4.9971406225506225,98.57800000000002,140266.28131653028,0.3874759152390339,852.4670050761422,67.604056,31.385600566864014,1.660366,N/A
starcoder_7b_mqa_mqa_prefill_b1_s2048,int8_wo,1,102400,1556420.2265143187,1.3137919902801514,3.0105600357055664,10.799,103.62433333333333,159938.4397528729,0.4418188943449527,1532.0916030534352,91.548997,65.79200029373169,9.399735,N/A
starcoder_7b_mqa_mqa_prefill_b1_s4096,int8_wo,1,204800,1623376.6873962171,2.5221118927001953,4.317183971405029,50.451,135.8185,221290.39833721286,0.6112994429204774,2716.734693877551,141.153276,126.15679502487183,18.573824,N/A
starcoder_7b_mqa_mqa_prefill_b1_s8192,int8_wo,1,409600,1136040.886145089,7.1833600997924805,15.258624076843262,143.888,207.80328571428572,231097.69039671173,0.6383914099356678,4874.993865030675,214.929066,360.5504035949707,39.760052,N/A
starcoder_7b_mqa_mqa_prefill_b4_s128,int8_wo,4,25600,1577287.0753193365,0.3246079981327057,0.4188160002231598,8.353,259.81733333333335,112465.5653157233,0.310678357225755,423.2948328267477,46.09715,16.230399906635284,7.510669,N/A
starcoder_7b_mqa_mqa_prefill_b4_s256,int8_wo,4,51200,1808318.1990613516,0.5662720203399658,1.3608959913253784,15.797,242.00666666666666,132731.1344729269,0.3666605924666489,727.7157360406092,37.758057,28.31360101699829,1.289583,N/A
starcoder_7b_mqa_mqa_prefill_b4_s512,int8_wo,4,102400,2127659.5788106034,0.9615359902381897,2.9716479778289795,25.014,218.42166666666665,165094.94501780713,0.4560633840270915,1156.8854961832062,77.279282,48.127999901771545,8.446153,N/A
starcoder_7b_mqa_mqa_prefill_b4_s1024,int8_wo,4,204800,2224694.16166139,1.837056040763855,4.208640098571777,46.977,236.36175,191286.39423117685,0.5284154536772842,1713.6326530612246,136.365278,92.05759763717651,17.523938,N/A
starcoder_7b_mqa_mqa_prefill_b4_s2048,int8_wo,4,409600,1594578.5017066668,5.135359764099121,8.256511688232422,107.313,201.34583333333333,163859.60120654583,0.45265083206228135,2462.6257668711655,229.806107,256.8703889846802,38.937945,N/A
starcoder_7b_mqa_mqa_prefill_b4_s4096,int8_wo,4,819200,1415803.9523481922,11.495424270629883,19.764223098754883,254.388,219.18009999999998,192995.14586786952,0.5331357620659379,3634.6757679180887,439.83031,578.6111831665039,75.404036,N/A
starcoder_7b_mqa_mqa_prefill_b4_s8192,int8_wo,4,1638400,1086587.4609635107,29.97043228149414,37.301246643066406,619.677,263.2242380952381,221037.68949265117,0.6106013521896442,5747.732368896925,776.436786,1507.8399658203125,208.411178,N/A
starcoder_7b_mqa_mqa_prefill_b16_s128,int8_wo,16,102400,2197802.1918190606,0.9308159947395325,1.9066879749298096,11.704,284.25399999999996,156710.2589140427,0.43290126771834997,1063.0839694656488,91.245196,46.592000126838684,32.84385,N/A
starcoder_7b_mqa_mqa_prefill_b16_s256,int8_wo,16,204800,2408187.8989599086,1.6998399496078491,3.6915199756622314,18.318,236.38299999999998,176761.76240378496,0.48829216133642256,1462.857142857143,162.696599,85.04319787025452,21.202142,N/A
starcoder_7b_mqa_mqa_prefill_b16_s512,int8_wo,16,409600,2047082.9303679082,3.9976959228515625,5.883903980255127,56.169,163.6898,158842.63027871604,0.4387917963500443,1859.5337423312883,282.572432,200.08959770202637,83.366949,N/A
starcoder_7b_mqa_mqa_prefill_b16_s1024,int8_wo,16,819200,1917315.6555037422,8.545280456542969,8.582143783569336,161.821,186.628875,164856.99682441034,0.4554060685757192,2292.641638225256,510.945844,427.26402282714844,125.135105,N/A
starcoder_7b_mqa_mqa_prefill_b16_s2048,int8_wo,16,1638400,1828780.4745221157,17.911808013916016,18.43507194519043,347.326,204.7406923076923,187926.3008555452,0.5191334277777492,2903.493670886076,978.343057,895.8975791931152,205.054394,N/A
starcoder_7b_mqa_mqa_prefill_b16_s4096,int8_wo,16,3276800,1553850.5745130386,42.16934585571289,71.34822082519531,919.521,277.75041379310346,211812.95460267595,0.5851186591234142,3970.027958993476,2222.973771,2108.82568359375,336.374802,N/A
starcoder_7b_mqa_mqa_prefill_b16_s8192,int8_wo,16,6553600,650297.4616478663,201.1453399658203,247.3052215576172,3881.673,325.94874999999996,132285.94436210537,0.3654307855306778,6017.029815428301,3073.378277,10077.849578857422,661.849028,N/A
starcoder_7b_mqa_mqa_prefill_b32_s128,int8_wo,32,204800,2117522.556655561,1.9189759492874146,5.093376159667969,46.244,197.81875000000002,150986.06660100096,0.4170885817707209,1421.061224489796,139.327007,96.71679735183716,95.407412,N/A
starcoder_7b_mqa_mqa_prefill_b32_s256,int8_wo,32,409600,1861764.0689152714,4.3970561027526855,6.907904148101807,62.41,155.54760000000002,136654.07842288297,0.37749745420685904,1759.0184049079755,267.65268,220.0063943862915,44.427792,N/A
starcoder_7b_mqa_mqa_prefill_b32_s512,int8_wo,32,819200,1666840.2584378852,9.326592445373535,13.624320030212402,180.048,202.522,129337.84312155053,0.35728685945179706,2068.9692832764504,433.790373,491.46881103515625,86.040417,N/A
starcoder_7b_mqa_mqa_prefill_b32_s1024,int8_wo,32,1638400,1602002.5729215117,20.412416458129883,25.587711334228516,383.755,241.71540000000002,137745.35889210727,0.38051204113841786,2429.4538878842677,852.729502,1022.7199554443359,185.642233,N/A
starcoder_7b_mqa_mqa_prefill_b32_s2048,int8_wo,32,3276800,1590813.0296172195,41.009151458740234,50.988033294677734,820.678,275.9510740740741,163472.65960770275,0.4515819326179634,2992.790307548928,1687.518389,2059.82723236084,361.638436,N/A
starcoder_7b_mqa_mqa_prefill_b32_s4096,int8_wo,32,6553600,1502153.454275386,87.05741119384766,89.41363525390625,1777.779,310.8777454545455,204765.86786113476,0.5656515686771678,4032.0302886890677,4489.830225,4362.803268432617,768.125976,N/A
starcoder_7b_mqa_mqa_prefill_b32_s8192,int8_wo,32,13107200,1011385.9604195388,258.6408996582031,407.4393615722656,6049.28,325.19113586956524,205739.9186975784,0.5683423168441393,6064.38540424517,7777.944344,12959.642028808594,1705.040052,N/A
